id,name_uk,parent_id,tag,description_uk,primary_image,seo
100,Томати,,tomato,Томати відносяться до роду пасльонових. Рослина рясніє великою кількістю сортів. Поширений овоч по всьому світу.,catalog/categories/c100.jpg,tomati
101,Томати високорослі,100,tomato-small,"Відмітна риса високорослих томатів, висота стебла іноді досягає 2,50 м, цим обумовлюється велика віддача врожаю. Іноді з куща можна зняти до 8 кг плодів.",catalog/categories/c101.jpg,tomati-visokorosli
102,Томати середньорослі,100,tomato-mid,"Середньорослі томати зібрали в собі найкращі якості високорослих і низькорослих сортів, зазвичай вирощуються в два стебла.",catalog/categories/c102.jpg,tomati-serednorosli
103,Томати низькорослі,100,tomato-large,"Низькорослі сорти томатів відрізняються швидкою віддачею, формуючи невелику кількість кистей, дружним дозріванням.",catalog/categories/c103.jpg,tomati-nizkorosli
110,Огірки,,cucumber,"Найпопулярнійшої овочевий продукт, який можна випращівать цілий рік. Невибагливий, а так же незамінний в салатах.",catalog/categories/c110.jpg,ogirki
120,Капуста ,,cabbage,"Капуста - цариця серед овочів, дуже популярний продукт. Займає одне з перших місць в світі по вирощуванню.",catalog/categories/c120.jpg,kapusta
121,Капуста білокачанна,120,cabbage-white,Різновид сімейства хрестоцвітних. Налічує близько 400 сортів різних термінів дозрівання.,catalog/categories/c121.jpg,kapusta-bilokachanna
122,Капуста цвітна,120,cabbage-color,"Цвітна капуста має однорічний цикл розвитку, різноманіття сортів дивує своєю незвичністю. Має високі смакові якості.",catalog/categories/c122.jpg,kapusta-tsvitna
123,Капуста червонокачанна,120,cabbage-red,"Це вид капусти містить велику кількість макро і мікро елементів, стійкий до захворювань, добре зберігається і дуже смачний в салатах.",catalog/categories/c123.jpg,kapusta-chervonokachanna
124,Різновиди капусти,120,cabbage-other,"Різновидів існує багато і всі вони разюче відрізняються один від одного, але об'єднує їх одне - всі вони капуста.",,riznovidi-kapusti
130,Редис,,radish,"Редис характерний ранніми термінами дозрівання, саме з нього роблять перші салати після зими.",catalog/categories/c130.jpg,redis
140,Перець ,,pepper,"Будь-яка кухня світу використовує перець, як необхідний компонент перших і других страв. Високий вміст вітаміну С, а так само інших корисних мікроелементів робить його незамінним.",catalog/categories/c140.jpg,perets
141,Перець солодкий,140,pepper-sweet,Солодкі перці мають дуже привабливий вигляд. М'ясисті і смачні.,catalog/categories/c141.jpg,perets-solodkii
142,Перець гіркий,140,pepper-hot,Культурних сортів гострого перцю близько 3000. Добре зберігається в сушеному вигляді.,catalog/categories/c142.jpg,perets-girkii
150,Баклажани,,eggplant,Ця рослина ставитися до роду пасльонових і вирощується як однорічник. У їжу вживають злегка недозрілі плоди так вони смачніші.,catalog/categories/c150.jpg,baklazhani
160,Цибуля,,onion,"Різноманітність сортів луків не припиняє дивувати: однорічні, дворічні і навіть багаторічні. Багаті зеленню обеспечиват вітамінами круглий рік.",catalog/categories/c160.jpg,tsibulia
170,Морква,,carrot,"Морква містить масу корисних речовин - це каротин, солі, калію, пектини, вітаміни А, В, С, Д. Широко застосовується в кулінарії, не замінна в дитячому харчуванні.",catalog/categories/c170.jpg,morkva
180,Буряк,,beet,"Буряк має дуже високими смаковими і лікувальними властивостями, збагачена йодом, вітамінами А і В, покращує обмін речовин. У деяких сортів використовують і коренеплоди і надземну частину.",catalog/categories/c180.jpg,buriak
190,Кавуни,,watermelon,"Рослина поширилося з Африки, пройшло довгий селекційний шлях. На сьогодні це - однорічна стелеться трава з кавалками листям. Плід кавуна - соковита ягода з безліччю насіння.",catalog/categories/c190.jpg,kavuni
200,Дині,,melon,"Традиційна баштанних культур для степової зони. Головне дати рослині більше тепла і сонця. Урожай, при дотриманні агротехніки обробітку, можна отримати вже в кінці червня.",catalog/categories/c200.jpg,dini
210,Гарбузи,,pumpkin,"За кількістю вмісту заліза, гарбуз - чемпіон серед овочів. Гарбузове насіння джерело масел, багатих мікроелементами. Її соковита м'якоть використовується в дієтології.",catalog/categories/c210.jpg,garbuzi
220,Кабачки,,marrow-squash,"Кабачок - цукіні продукт, низькокалорійний і легкозасвоюваний організмом, тому його використовують в дієтології і в дитячому харчуванні.",catalog/categories/c220.jpg,kabachki
230,Патисони,,squash,"Плоди патисонів тонкокорие. М'якоть білосніжна, хрустка і дуже щільна. Малюками зазвичай підходять для консервації, а більші плоди використовують в кулінарії.",catalog/categories/c230.jpg,patisoni
240,Зелені культури,,green-crops,"Ранні вітаміни на столах - зелені культури. Всі різновиди салатів, шпинат, щавель, спаржа, черемша.",catalog/categories/c240.jpg,zeleni-kulturi
250,Пряносмакові культури,,spicy-crops,"До групи пряно-смакових культур входять трави, які використовуються як приправи: майоран, кріп, чабер і багато-багато інших однорічних і багаторічних рослин. Вони відносно холодостійкі.",catalog/categories/c250.jpg,prianosmakovi-kulturi
270,Бобові культури,,bean-crops,Різноманітність видів сімейства бобових - величезна. Застосовують їх як продукт харчування.,catalog/categories/c270.jpg,bobovi-kulturi
280,Квасоля ,,beans,"Квасоля відноситься до розряду бобових з за того, що має стручкову форму заповнену зернами і тим не менше це відмінне від бобових рослина, що має дуже багато різних сортів.",catalog/categories/c280.jpg,kvasolia
281,Квасоля спаржева,280,asparagus-beans,"Спаржева квасоля вирощується заради смачних стулок: у них відсутній пергаментний прошарок, тому квасоля вживається в їжу цілком. Смаком нагадує спаржу.",catalog/categories/c281.jpg,kvasolia-sparzheva
282,Квасоля зернова,280,cereal-beans,Лущильні сорти квасолі вирощуються виключно для вживання в їжу зерен: дуже поживних і містять велику кількість білка.,catalog/categories/c282.jpg,kvasolia-zernova
290,Кукурудза,,corn,"Кукурудза - цариця полів, це однорічна трав'яниста рослина відноситься до злакових культур.",catalog/categories/c290.jpg,kukurudza
330,Квіти,,flowers,"Аромати, різноманітність кольору, ніжність, трепет і любов - все це відноситься до багатотисячної армії квітів всіх видів, всіх категорій і всіх національностей.",catalog/categories/c330.jpg,kviti
331,Квіти однорічні,700,annual-flowes,"Великий діапазон кольорів, багатий вибір форм, різниця термінів цвітіння - дає можливість створювати будь-які композиції. І те, що рослини однорічні - дозволяє експериментувати нескінченно.",catalog/categories/c331.jpg,kviti-odnorichni
332,Квіти багаторічні,700,perennial-flowers,"Багаторічники зазвичай дають можливість формувати композиції на кілька років вперед. Прекрасно сусідять зі своїми побратимами і не вибагливі до ґрунту. Це і високорослі, і цибулинні (типу мускари або птицемлечник), і стелящиеся почвопокривні рослини.",catalog/categories/c332.jpg,kviti-bagatorichni
400,Добрива та захист,,,Добрива та захист,catalog/categories/c400.jpg,dobriva-ta-zakhist
401,Гербіциди,400,,Гербіциди,catalog/categories/c401.jpg,gerbitsidi
402,Інсектициди,400,,Інсектициди,catalog/categories/c402.jpg,insektitsidi
403,Фунгіциди,400,,Фунгіциди,catalog/categories/c403.jpg,fungitsidi
405,Біопрепарати,400,,Біопрепарати,catalog/categories/c405.jpg,biopreparati
406,Прилипачі,400,,Прилипачі,catalog/categories/c406.jpg,prilipachi
407,Добрива та стимулятори,400,,Добрива та стимулятори,catalog/categories/c407.jpg,dobriva-ta-stimuliatori
500,Супутні товари,,,,catalog/categories/c500.jpg,
